{
  "product_type": {
    "precision": 0.5833333333333334,
    "recall": 0.875,
    "f1-score": 0.7000000000000001,
    "support": 8,
    "confused_with": {}
  },
  "province": {
    "precision": 0.9834710743801653,
    "recall": 0.9224806201550387,
    "f1-score": 0.9520000000000001,
    "support": 129,
    "confused_with": {}
  },
  "sub_category_3": {
    "precision": 1.0,
    "recall": 1.0,
    "f1-score": 1.0,
    "support": 17,
    "confused_with": {}
  },
  "vehicle_type": {
    "precision": 0.9210526315789473,
    "recall": 0.9459459459459459,
    "f1-score": 0.9333333333333332,
    "support": 74,
    "confused_with": {}
  },
  "cust_sex": {
    "precision": 1.0,
    "recall": 1.0,
    "f1-score": 1.0,
    "support": 164,
    "confused_with": {}
  },
  "gender": {
    "precision": 1.0,
    "recall": 1.0,
    "f1-score": 1.0,
    "support": 21,
    "confused_with": {}
  },
  "model_type": {
    "precision": 0.967741935483871,
    "recall": 1.0,
    "f1-score": 0.9836065573770492,
    "support": 60,
    "confused_with": {}
  },
  "sub_category_1": {
    "precision": 1.0,
    "recall": 1.0,
    "f1-score": 1.0,
    "support": 70,
    "confused_with": {}
  },
  "cust_name": {
    "precision": 0.9939393939393939,
    "recall": 1.0,
    "f1-score": 0.9969604863221885,
    "support": 164,
    "confused_with": {}
  },
  "product_name": {
    "precision": 0.995,
    "recall": 0.9802955665024631,
    "f1-score": 0.9875930521091811,
    "support": 406,
    "confused_with": {
      "product_type": 5,
      "model_type": 2
    }
  },
  "helmet_type": {
    "precision": 1.0,
    "recall": 1.0,
    "f1-score": 1.0,
    "support": 16,
    "confused_with": {}
  },
  "micro avg": {
    "precision": 0.9839857651245552,
    "recall": 0.9796279893711249,
    "f1-score": 0.9818020417221482,
    "support": 1129
  },
  "macro avg": {
    "precision": 0.9495034880650646,
    "recall": 0.974883830236677,
    "f1-score": 0.9594084935583411,
    "support": 1129
  },
  "weighted avg": {
    "precision": 0.9855915914381248,
    "recall": 0.9796279893711249,
    "f1-score": 0.9822456678675431,
    "support": 1129
  },
  "accuracy": 0.9912663755458515
}